Beds,Baths,Basement,Parking Spaces,Garage Spaces,Carport Spaces,Lot Size SqFt,Price Sold,Kitchens,Fireplaces Total,Year Built (Est),SqFt Fin Total,SqFt Unfinished,Lot Size Acres,Sub area,Filename
4,4,0,2,2,0,7101,1280000,2,1,2011,2872,0,0,16,20959048
5,3,1,2,1,0,7215,1428000,2,1,1958,3230,0,0,9,22120012
3,2,0,4,2,0,6039,955352,1,1,1990,1351,571,0,33,26061801
4,3,1,5,2,0,8898,990000,2,2,1975,2324,2085,0,27,24513074
5,4,1,6,2,0,6028,1475000,2,0,2004,3485,774,0,13,25997928
5,5,1,3,2,0,6837,1699000,2,2,2008,3500,332,0,13,22762640
5,4,1,4,3,1,13354,1925000,2,1,2017,3576,719,0,11,21243419
5,3,1,4,0,0,6222,990000,2,1,1963,2398,352,0,28,21357046
3,3,0,2,2,0,6146,1375000,1,1,2002,2421,0,0,13,26107600
2,2,0,4,0,0,6826,885000,2,1,1953,1215,210,0,39,22082632
5,3,1,4,2,0,9123,1325000,2,2,1961,2175,474,0,33,23206724
5,3,1,5,1,0,9000,1303000,2,1,1968,2443,143,0,12,20904526
5,3,1,4,0,0,6410,850000,2,1,1938,2234,34,0,16,21025140
5,4,1,4,2,0,7363,1525000,2,0,2002,3141,0,0,17,22412918
5,4,1,4,2,0,10645,860000,2,1,1982,2942,342,0,10,21624027
4,2,1,2,1,0,9120,1365000,2,0,1951,1869,0,0,2,22149640
4,3,1,4,2,0,13430,1690000,2,2,1959,2523,584,0,2,24142268
6,3,1,3,1,0,7000,1191000,2,1,1963,2464,280,0,12,21250047
3,3,1,4,1,0,7536,940000,2,2,1987,2421,334,0,14,20740934
5,3,1,4,0,1,8873,1298000,2,2,1977,2822,564,0,17,20989306
4,3,1,2,0,0,6120,965000,2,1,1945,1722,85,0,28,23246344
5,3,1,4,0,2,6021,1310000,2,2,1975,2652,155,0,12,22435128
6,3,1,7,0,1,6246,1230000,2,0,1975,2307,59,0,19,22651821
4,3,1,4,0,2,13712,1438000,1,2,1977,3000,604,0,7,26127455
5,3,1,6,0,0,30056,1226500,2,2,1971,3356,653,0,35,21982246
4,4,0,5,2,0,7320,1340000,2,2,1988,2601,400,0,38,22849399
5,3,1,8,2,0,11927,1740000,2,2,1966,2377,85,0,20,24424760
5,3,0,3,2,1,7007,1518888,2,1,2009,2385,1047,0,12,22066400
6,4,1,2,2,0,8424,1715000,2,2,1990,3956,0,0,12,22111165
4,3,1,4,1,0,6000,1250000,2,2,1968,2295,241,0,12,22808552
3,2,1,4,2,0,14139,1360000,2,1,1950,2327,363,0,36,22430667
5,3,1,4,0,2,35719,1194929,2,2,1964,2900,122,0,11,20852916
6,4,1,4,2,0,10396,1380000,2,1,1995,2864,400,0,39,24442255
4,2,1,3,1,0,10296,1210000,2,1,1952,1815,61,0,16,20997611
4,3,1,5,2,0,8121,1275000,2,2,1976,2490,626,0,12,20959583
4,2,0,2,1,0,7560,1975000,1,2,1963,2647,606,0,0,26152671
5,3,1,6,0,0,5750,1213172,2,1,1940,2254,0,0,39,24700766
4,2,1,2,0,0,6960,965000,2,1,1968,1976,249,0,15,23763450
5,4,1,5,2,0,10583,1702000,2,1,2016,3711,688,0,17,21658951
5,2,1,2,0,0,8910,1125000,2,1,1958,2159,0,0,18,24043916
4,3,1,2,2,0,7150,1457000,2,2,1979,2308,678,0,13,22397861
5,4,1,3,1,0,10720,1900000,2,1,1953,3709,253,0,2,21033687
4,2,1,2,0,0,6120,1059000,2,1,1975,2138,451,0,12,21429384
3,3,1,2,1,0,5225,1400000,2,0,1990,2253,295,0,28,21181931
6,4,0,4,2,0,8390,1420000,2,3,1994,3850,512,0,21,21711525
5,3,1,5,0,0,11620,1230000,2,1,1959,2273,0,0,11,21273179
5,3,1,6,2,2,9015,1250000,2,0,1971,2927,0,0,32,22558820
6,2,1,2,1,0,9395,1085000,2,2,1965,2316,605,0,33,24504194
5,3,1,2,0,1,7437,995000,2,1,1975,2258,1173,0,15,21208383
3,3,1,2,3,0,5981,1121000,2,2,1987,2185,749,0,12,23979264
3,2,1,2,1,0,10400,1456700,1,2,1953,2540,600,0,2,25784033
5,2,0,1,0,0,6055,1094888,2,2,1973,2230,1366,0,27,24227307
4,2,0,2,1,0,6000,1195000,2,0,1937,1892,248,0,28,22344431
4,3,1,2,1,0,8244,1175000,2,2,1960,2643,696,0,12,21075563
4,4,0,5,2,0,13896,1480000,2,1,1991,3491,1887,0,7,21670455
4,2,1,2,0,1,6039,998000,2,1,1965,1697,527,0,18,21243929
5,2,1,2,0,0,8016,1100000,1,1,1971,2076,0,0,27,26031079
4,2,1,10,0,3,51400,1627000,2,2,1923,2255,480,1,38,22985236
5,2,0,4,0,0,7050,981000,2,1,1975,2166,62,0,22,21402951
5,3,1,4,2,0,7225,1257000,2,0,1990,2934,0,0,38,21469597
3,2,1,4,0,0,5600,1200000,2,2,1966,2154,936,0,39,22266338
5,3,1,3,2,0,7494,1147400,2,1,1912,2664,1026,0,16,22283493
5,2,1,2,1,0,9427,1132000,2,1,1968,2403,277,0,17,20895451
4,3,1,2,2,0,23522,1786000,2,2,1968,3296,457,0,12,25794367
5,3,1,3,2,0,8869,1850000,2,2,1932,3332,164,0,16,21021130
4,2,1,2,0,0,6000,1108000,2,1,1949,2020,297,0,9,21458365
4,3,1,1,0,1,5346,1260000,2,0,1976,2071,371,0,12,25565393
6,3,1,4,2,0,7200,1310000,2,1,1987,3482,394,0,10,23402216
5,2,1,3,2,0,10003,1011000,2,1,1964,2591,568,0,39,21435884
4,4,1,15,5,0,108029,1989000,1,2,1989,2528,1281,2,29,26133017
3,2,1,2,0,0,9963,840000,2,1,1935,1671,528,0,19,22196674
5,3,1,8,0,1,6022,999999,2,2,1975,2175,0,0,12,21313899
5,4,0,2,0,2,6433,1350000,2,1,1976,2179,52,0,17,24707197
4,2,1,6,1,0,5740,885000,2,1,1959,1764,42,0,28,22991502
4,4,0,2,2,0,4963,999999,2,1,2021,1978,462,0,19,19897422
4,3,1,6,1,1,92347,1450000,2,2,1973,2622,0,2,25,24613625
4,3,1,3,0,0,6588,1265000,2,1,1965,1946,0,0,14,26201695
5,4,1,4,2,0,9878,1700000,2,1,1999,3615,0,0,17,22065595
4,3,1,4,2,0,14508,1530000,2,2,1957,3148,740,0,15,22828853
4,2,1,7,0,1,7779,845000,2,1,1952,2386,603,0,39,21445349
4,3,0,8,0,0,13654,1100000,2,1,1949,2275,1134,0,10,21372604
4,3,1,8,2,1,9496,1199000,2,2,1974,2199,1045,0,12,21504608
5,4,1,4,2,0,6210,1326000,2,2,2003,2705,399,0,12,21211178
7,3,1,3,0,0,7540,1234000,2,1,1965,2165,0,0,15,22814713
5,2,1,1,1,0,5500,1210000,2,0,1954,2152,233,0,18,24638649
4,4,1,3,0,0,6120,925000,2,0,1917,3048,0,0,28,21051032
5,4,0,6,2,0,6869,1300717,2,1,2009,2738,565,0,38,24134983
5,4,1,2,1,0,7350,1175000,3,1,1992,3627,419,0,16,26206172
5,3,0,3,0,1,18003,951000,2,2,1963,2301,0,0,10,21395094
3,3,1,1,1,0,7611,1600000,2,1,1942,2244,118,0,34,22587617
6,4,1,2,2,0,7158,972500,2,1,1991,3401,0,0,38,21373619
4,3,1,3,0,0,6234,1120000,2,2,1978,2593,326,0,39,24440368
5,3,1,3,1,0,6501,1288888,2,1,2003,2515,115,0,13,21275853
4,2,1,3,0,0,8788,949900,2,2,1952,1924,533,0,16,21153585
5,2,1,1,0,0,64033,1300000,2,2,1969,2214,2108,1,38,23485505
4,2,1,8,0,0,69696,1375000,2,2,1970,2834,431,1,29,24434096
4,2,1,4,0,0,9425,1150000,2,1,1958,2310,0,0,39,22267081
7,3,1,6,0,0,65340,1460000,2,1,1949,3349,960,1,6,20986305
4,3,1,4,1,0,42600,1260000,2,1,1960,2138,832,1,40,22109487
6,4,1,6,0,0,10080,1195000,2,0,1927,2544,393,0,26,23992301
4,2,1,2,2,0,5221,846000,2,1,1948,2124,750,0,32,21355110
4,3,0,4,1,0,9351,1140000,2,1,1980,2277,0,0,18,24318593
5,5,1,3,3,0,11033,1998000,2,1,2018,3508,876,0,28,24299911
5,2,1,6,0,1,13584,1081000,2,0,1970,2161,503,0,14,22855195
5,3,1,4,0,0,10296,1161500,2,1,1934,2793,0,0,16,21421854
4,2,0,4,0,0,9010,1085000,2,1,1958,2273,75,0,32,23687084
5,3,1,4,2,0,10493,1865000,2,2,1974,2487,624,0,12,22503985
7,4,1,6,2,0,13092,1575000,2,2,1966,4085,857,0,17,23702324
5,4,1,2,2,0,7405,1500000,2,1,2010,3750,0,0,38,21354993
5,4,1,6,2,0,8231,1209000,2,2,1991,2846,493,0,38,20858049
4,3,0,2,0,0,11580,1515000,2,1,1969,2633,206,0,12,20974975
6,4,1,2,2,0,10309,1350000,2,2,1968,3219,249,0,12,21936403
4,3,0,2,1,0,11012,1865000,1,1,1963,2250,0,0,2,26036543
6,3,1,4,0,0,6234,987000,2,1,1917,2305,235,0,28,24593260
8,6,1,4,2,0,10947,1325000,2,1,2002,3564,395,0,36,20992815
6,2,0,2,1,0,11326,1550000,2,0,1951,1956,519,0,2,23105902
5,4,0,2,2,0,5570,1599000,2,1,2018,2291,478,0,15,21822289
5,2,1,2,0,0,6930,770000,2,0,1940,2240,0,0,19,20840159
4,2,1,4,1,0,6720,1025000,2,1,1949,2739,0,0,9,21248921
5,3,1,2,0,2,8400,1150000,2,2,1972,2422,294,0,12,20819782
2,2,1,3,0,1,6534,2200000,2,1,1978,2305,276,0,11,25890967
5,3,1,4,0,0,6500,950000,2,2,1975,2749,476,0,27,21079652
6,5,1,5,1,0,5869,1065000,2,1,1971,2816,147,0,18,21144636
5,3,1,4,0,0,7600,1165000,2,1,1958,2246,181,0,18,21513306
6,3,1,4,0,0,6000,1180000,2,2,1974,2282,0,0,12,23698153
4,3,1,2,0,0,8050,1279900,2,2,1940,2673,401,0,28,22901382
3,2,1,4,2,0,13680,1580000,1,1,1956,1892,1047,0,2,26099448
2,2,0,4,2,0,10452,1225000,1,1,1996,2070,604,0,12,25624253
3,3,1,5,2,0,13014,1810000,2,3,1966,2825,1485,0,12,21663961
5,4,1,6,0,0,11194,1169000,3,0,1995,2435,0,0,27,25984781
6,2,1,2,0,2,6820,880000,2,1,1955,1787,779,0,39,21759159
4,5,1,4,1,0,17500,1410000,2,2,1962,3089,442,0,11,21730628
5,3,0,3,2,0,7303,1318000,2,1,1991,1922,469,0,38,21879684
4,2,1,1,0,0,6600,1010000,2,1,1956,2024,108,0,9,23725774
5,3,1,5,0,2,6720,1407230,2,3,1955,2454,0,0,10,21201565
4,3,0,4,2,0,7193,1850000,2,2,2017,2768,515,0,16,21134761
5,4,1,6,2,0,12197,1752000,2,1,1990,3318,1528,0,7,24564357
6,3,0,4,2,0,10007,1703500,2,1,1994,3506,477,0,11,22727011
6,3,0,0,2,0,6750,1136000,2,1,1997,2710,1155,0,38,21005244
5,2,1,4,0,0,6378,1050000,2,0,1940,2120,100,0,28,22530651
7,4,1,1,1,0,6660,1030000,2,1,1975,2489,0,0,12,20756259
5,3,1,1,0,2,7790,1357000,2,1,1975,2786,0,0,16,24645909
6,4,1,7,2,0,10108,1800000,2,2,2004,3852,462,0,17,22399891
4,3,1,4,2,0,6211,1265000,2,2,1978,2762,519,0,12,21719485
6,2,1,2,0,0,5600,600000,2,0,1916,2247,0,0,26,24058133
6,4,1,3,2,0,10126,1500000,2,2,1992,3528,264,0,11,23174928
4,3,1,4,0,0,8244,1181000,2,1,1960,2458,265,0,12,21992645
5,3,0,6,2,0,11761,1466000,2,0,1987,2756,1392,0,36,22438430
4,3,1,2,0,0,5987,699900,2,0,1979,1991,0,0,27,21863702
6,3,1,2,0,0,8060,1403000,1,1,1964,2897,206,0,11,26060215
6,3,1,2,0,0,6180,1135000,2,1,1964,2506,0,0,15,25905258
5,4,1,3,2,0,7422,1800000,2,2,1983,3592,484,0,17,22149824
3,2,1,2,0,0,8100,930000,2,0,1931,1516,184,0,19,21380581
5,4,1,2,0,0,6104,999999,2,1,1988,2204,254,0,26,20924305
5,5,1,6,2,0,7187,1570800,2,1,2020,2742,546,0,10,20461937
3,2,1,3,1,0,13105,1200000,1,1,1970,1847,402,0,7,25873467
4,2,1,4,1,0,7397,940000,2,2,1968,2085,357,0,14,23396039
4,2,1,2,0,0,8231,999000,2,1,1950,1962,188,0,28,21401959
4,3,1,2,0,1,5867,950000,2,2,1972,2074,80,0,16,21325804
5,2,1,4,0,0,10296,1140000,2,1,1951,2231,210,0,16,21766206
5,3,1,2,0,1,6130,1200000,2,1,1976,2407,0,0,12,21795477
4,3,1,4,0,0,11227,967500,2,2,1958,2324,203,0,39,23637429
5,3,1,3,1,0,7331,1405000,2,1,1973,2116,0,0,12,22279019
6,4,1,4,1,0,6195,1303000,2,2,1972,2749,345,0,15,21942732
3,2,1,3,0,0,6098,999000,2,1,1953,1967,622,0,28,22667302
5,3,1,8,3,0,12094,1070000,2,2,1957,2854,1110,0,12,21764407
5,2,1,5,1,0,8365,1275000,2,1,1968,2302,679,0,28,22829294
3,2,1,5,0,0,8316,958000,2,1,1954,2506,367,0,18,21074597
5,3,0,3,0,0,6850,865000,2,0,1979,1927,394,0,33,20939909
5,3,1,4,2,0,10430,1130000,2,1,1981,2523,399,0,33,23795905
4,3,1,2,0,1,5987,1225000,2,1,1975,2466,280,0,12,24552920
4,2,1,1,1,0,8006,1500000,2,1,1955,2040,665,0,8,22146223
4,4,1,4,0,0,6550,1325000,2,1,1980,2519,550,0,18,24288818
3,2,1,2,1,0,8880,1249900,2,2,1956,2006,995,0,11,22934642
4,3,1,4,1,0,5650,1345000,2,0,2019,2292,0,0,10,21033254
4,3,1,0,0,0,6188,1414000,2,1,1931,2069,379,0,3,21253048
3,2,1,3,1,1,7765,1651000,2,1,1964,2413,0,0,11,22901991
5,3,1,2,0,0,12253,1400000,2,2,1966,3320,0,0,17,22331407
4,2,1,4,0,0,6650,998900,2,1,1966,1970,0,0,39,24306969
5,2,1,5,1,0,8400,1175000,1,1,1962,1858,302,0,6,25976576
6,3,1,4,0,0,7700,951500,2,1,1955,2335,0,0,39,23871625
5,2,1,2,1,0,16401,1399900,2,1,1950,2318,680,0,12,20838223
4,2,0,5,1,0,12300,1193000,2,1,1966,2037,189,0,12,21557379
4,2,1,4,0,2,44431,1400000,2,0,1955,3530,781,1,36,24383506
4,3,1,2,2,0,8072,1300000,2,0,1955,2349,0,0,27,24649347
3,2,1,2,1,0,7952,950000,2,1,1957,1704,725,0,39,21187849
4,2,0,4,0,2,6544,960000,2,1,1962,2445,55,0,27,23904102
5,3,1,4,1,0,6552,1425000,2,1,2001,2721,0,0,15,21243257
5,5,1,4,2,0,10297,1977500,2,2,2006,3635,455,0,5,23657161
6,2,1,0,0,0,6609,1099000,2,1,1958,2359,0,0,18,22849956
4,3,1,4,0,0,6000,1205000,2,1,1932,3079,211,0,16,22743771
3,2,1,3,0,0,6456,849500,2,0,1932,1730,0,0,10,21349815
5,3,0,4,0,1,11326,990000,2,3,1958,2931,466,0,11,23966763
4,3,1,3,0,1,5998,1057000,2,2,1981,2558,0,0,16,21036843
5,2,1,2,1,0,6195,1049000,2,2,1976,2003,179,0,17,24442275
3,3,1,4,0,0,6600,990000,2,1,1949,1865,52,0,9,21339331
4,4,1,6,3,0,21210,1868000,2,2,1979,3401,554,0,7,23288219
5,2,1,3,0,1,6540,1160000,2,1,1964,2529,665,0,16,21204213
5,3,1,3,0,0,7882,795000,2,1,1958,2252,127,0,27,21329032
3,2,1,4,0,0,9032,1105000,2,1,1954,1848,0,0,32,22236417
5,2,1,5,1,0,6656,1013000,2,1,1973,1778,900,0,27,20922377
5,3,1,5,1,0,8479,1200000,2,2,1961,2856,537,0,10,24167102
4,2,1,2,2,0,98881,1520000,2,1,1966,2127,0,2,40,22357971
6,3,1,6,2,1,19234,1500000,2,2,1976,3132,430,0,8,21335619
3,2,1,5,0,1,5968,1150000,2,1,1968,2288,0,0,12,21053549
4,2,1,4,1,0,5550,1030000,2,1,1952,2064,0,0,9,25602538
5,4,1,4,0,2,12080,1850000,2,3,1952,3444,669,0,1,24254213
5,2,1,4,0,1,6900,1100000,2,1,1958,2079,175,0,14,21199647
3,3,1,2,0,2,6000,1268000,2,1,1927,2008,651,0,0,21673229
4,3,1,3,1,0,6600,1245000,2,2,1953,2526,396,0,18,20927116
4,2,1,8,2,0,8775,1099000,2,1,1957,1965,77,0,27,22509854
4,3,1,7,4,0,8044,1200000,2,2,1976,2276,0,0,33,21045680
7,4,1,5,0,1,8737,1191500,2,2,1963,2662,0,0,15,21619863
4,2,1,2,0,0,7200,1090000,2,1,1954,1767,0,0,19,22836554
3,2,1,4,1,0,6032,1175000,2,1,1947,2266,63,0,28,21743129
6,3,1,4,2,0,10000,1250000,2,2,1995,3576,0,0,11,21167560
5,3,1,2,0,0,8712,1125000,2,1,1915,2702,593,0,32,21609371
6,3,1,3,0,0,6660,1160000,2,1,1958,2806,181,0,10,21307547
5,2,1,4,0,0,15246,1056789,2,2,1950,2045,253,0,12,21653970
5,3,1,4,0,0,10722,1300000,2,0,1920,3120,468,0,22,24008032
3,3,1,3,0,1,9713,1375000,2,1,1953,2532,0,0,2,21326525
5,4,1,6,2,0,9600,2000000,2,2,1933,2826,1255,0,9,22416870
4,3,1,5,1,0,6044,1050000,2,1,1958,2365,245,0,27,22761740
3,3,0,2,1,0,6100,1239000,1,2,1986,2247,0,0,12,25867856
2,2,1,4,1,0,9425,950000,2,1,1958,2022,110,0,32,22042574
4,4,1,2,2,0,4983,1400000,2,1,2010,2553,464,0,12,21068067
3,2,1,3,0,0,7006,858000,2,1,1948,1642,473,0,37,22160866
6,4,1,5,2,0,7451,999999,2,1,1994,2771,683,0,13,23770796
8,5,1,4,2,0,6673,1500000,3,1,2005,3475,572,0,12,26016645
6,4,1,6,2,0,14810,1390000,2,2,1988,3513,1557,0,7,20842919
6,3,1,4,0,0,12764,1170000,2,1,1959,2045,218,0,14,24109650
6,3,0,3,0,0,7202,1260000,2,1,1986,2458,0,0,12,24648644
6,4,1,2,2,0,6000,1300000,2,1,1994,3215,400,0,27,23642744
6,2,1,3,0,0,11625,1412500,2,1,1954,2449,0,0,5,21987924
5,2,1,4,0,0,5624,920000,2,2,1966,2349,723,0,26,21123906
5,2,1,2,1,0,6000,1425000,2,1,1978,2059,0,0,12,22239779
4,3,1,5,0,1,6000,1400013,2,1,1981,2043,935,0,9,22478688
6,4,1,2,0,0,6000,1210000,2,2,1975,3110,0,0,16,21373041
4,4,1,4,1,0,10348,1000000,2,1,1949,2292,584,0,16,23947841
3,2,1,1,0,1,7622,879000,2,1,1973,1754,421,0,38,21144833
5,3,1,1,0,0,8811,1240000,2,1,1967,2186,233,0,17,24308033
5,3,1,7,1,0,8197,1200000,2,1,1954,2329,408,0,38,20810927
5,2,1,5,1,0,7200,1135000,2,1,1964,2062,68,0,14,21657680
4,2,1,2,0,0,7236,795000,2,0,1965,1694,0,0,17,20910637
6,4,1,2,2,0,9148,1950000,2,2,1998,4301,861,0,18,22727913
3,2,1,2,1,0,6231,800000,1,1,1967,1784,1784,0,22,26087996
5,3,1,4,2,0,10454,1350000,2,3,1989,3547,233,0,7,21703231
6,2,1,2,0,1,9425,975000,2,1,1961,2120,0,0,13,21628123
3,2,1,2,1,0,6000,890000,2,1,1963,1752,274,0,10,21160910
2,3,1,2,0,2,18350,1650000,2,2,1920,2859,394,0,23,21988556
4,5,1,3,2,0,6041,1735000,2,1,2023,2955,400,0,13,24614551
5,5,1,4,0,0,15890,1300000,2,2,1966,2930,0,0,24,24257422
3,2,1,2,0,0,7412,925000,2,1,1972,2235,83,0,22,20919297
5,4,1,4,1,0,12821,995000,2,1,1957,2934,768,0,39,21556166
5,2,1,3,2,0,8190,1325000,2,1,1961,2600,462,0,9,22544776
3,2,1,3,0,0,7878,1175000,2,2,1948,2518,0,0,16,22217274
5,3,1,3,0,1,6686,1035000,2,1,1963,2116,0,0,10,22885031
5,2,0,3,0,1,7444,975000,2,1,1967,2014,0,0,17,24049573
5,3,1,4,0,1,5191,1050000,2,1,1973,2333,0,0,18,23158851
6,4,1,4,2,0,11302,2210000,2,1,1959,3907,0,0,11,21541411
4,2,0,4,1,0,8400,860000,2,1,1956,1723,0,0,14,21178380
6,3,1,4,0,0,20233,1675000,2,2,1955,2947,0,0,28,22464080
5,4,1,2,1,0,6892,2050000,2,2,1973,3012,0,0,12,22474998
4,3,1,2,0,1,8698,930000,2,1,1923,2367,237,0,32,22179749
8,5,1,1,1,0,7260,1168000,2,1,1972,2703,1579,0,15,21440252
3,2,1,7,1,0,101059,1275000,2,1,1920,2298,77,2,30,21507426
3,3,0,10,2,0,54450,1510000,2,1,2006,2788,108,1,40,22389986
4,2,1,3,0,0,5550,920000,2,2,1953,2022,0,0,18,23384176
6,4,1,4,0,0,8625,1630000,2,2,1965,2692,202,0,18,22659611
5,3,0,5,2,0,5993,920000,2,1,1993,2367,747,0,32,20935519
5,4,1,2,1,0,7457,1180000,2,2,1989,3174,508,0,33,21093194
4,3,1,6,2,0,7158,1080000,2,1,1992,2201,1468,0,38,23959632
4,2,1,7,3,0,8630,987000,2,1,1983,2589,0,0,28,21436769
4,4,0,4,2,0,8407,1235000,2,2,2006,2703,434,0,38,21066726
4,4,1,4,2,0,9138,1649000,2,1,2016,3451,595,0,38,21184239
4,3,1,4,0,2,10154,1465000,2,2,1972,2634,0,0,12,22550031
3,3,1,3,0,0,5600,935000,2,1,1937,1303,448,0,26,22030678
5,2,1,2,0,0,7975,999999,2,1,1947,2336,0,0,39,23244375
6,3,1,2,2,0,6684,1360000,2,2,2000,3142,458,0,27,23480806
4,3,1,4,0,1,7888,1135000,2,2,1965,2212,406,0,10,24034891
5,2,0,3,0,0,6620,755000,2,1,1940,2219,0,0,39,23570048
4,3,1,3,1,0,14512,1199900,2,0,1964,2028,353,0,33,20832059
5,2,1,4,1,0,5580,990000,2,1,1974,2209,35,0,27,24662760
4,2,1,1,1,0,5750,1780000,2,1,1947,2736,895,0,0,24447196
5,3,1,2,0,1,6780,876000,2,2,1975,1937,0,0,32,23231715
5,4,1,5,0,0,7133,1125000,2,2,1974,2317,84,0,16,21577873
4,3,1,4,1,0,7700,751000,2,1,1964,1666,228,0,14,20699195
6,3,1,4,0,0,6148,920000,2,1,1912,2800,73,0,16,21817029
3,3,0,3,0,0,7435,1155000,2,1,1982,2300,113,0,14,23272286
2,2,1,3,0,0,6000,939000,2,1,1959,1748,334,0,9,21257155
4,2,1,5,1,0,9000,1051000,2,0,1955,1996,371,0,10,20957424
4,4,1,4,2,0,12680,1805000,2,0,1952,3048,474,0,2,22516326
4,3,1,4,1,0,6900,1199900,2,1,1911,2145,2145,0,28,23842021
4,3,1,5,2,0,111514,1665000,2,1,1964,3152,0,2,11,20777695
4,3,1,3,0,1,6094,1033000,2,1,1975,1929,0,0,10,21286048
5,4,0,2,2,0,8074,1988000,2,1,2014,3164,533,0,11,22864440
5,3,1,8,2,0,7405,1153000,2,1,1993,2406,806,0,16,20797773
4,2,1,4,0,0,6650,1250000,2,1,1942,2068,0,0,28,22346711
3,2,1,2,0,0,7200,961200,2,0,1949,1883,0,0,16,21821788
6,2,1,4,1,0,10955,1575000,2,2,1961,3612,332,0,27,22683649
5,3,1,4,2,0,7153,1130000,2,3,1986,2588,402,0,14,22961170
4,4,0,4,0,2,216493,1915000,1,1,1985,2686,1209,4,35,25982779
6,3,1,2,0,0,7154,925000,2,0,1940,2175,170,0,28,22720338
3,3,0,4,2,0,7850,1240000,2,0,2010,1999,0,0,28,22353011
6,4,1,4,0,0,10080,1880000,2,0,1959,3222,0,0,12,24610671
5,4,1,3,2,0,9731,1550000,2,1,2004,3467,319,0,17,23846804
5,3,0,12,0,2,339768,1750000,2,1,1971,2880,1526,7,35,22472331
5,3,1,6,2,0,8150,1573000,2,2,1975,2696,307,0,12,24314874
6,3,1,3,0,1,6900,1825000,2,2,1921,3466,0,0,1,21942906
4,3,1,4,1,0,17414,1200000,2,1,1968,2257,250,0,11,20962292
4,2,1,2,0,0,6100,1251000,2,1,1958,1995,134,0,9,22068906
6,4,1,2,0,0,7175,1500000,2,3,1983,4681,0,0,12,21868229
5,4,1,6,1,0,11060,1699000,2,3,1963,3941,85,0,10,22166717
5,2,1,3,0,1,9285,1100000,2,1,1945,2387,152,0,32,22720840
4,3,1,3,0,1,6599,1011000,1,2,1972,2232,0,0,15,26015316
4,3,1,3,1,0,14943,1700000,2,4,1943,3461,216,0,16,22476871
6,3,0,3,2,0,8580,886000,2,2,1953,2801,0,0,32,21135809
4,2,1,5,1,0,7154,1170000,2,1,1949,1785,1785,0,10,22594406
5,3,1,3,0,3,8393,1135000,2,2,1979,2656,0,0,10,21604511
5,2,1,4,1,0,6551,1175000,2,1,1976,2215,0,0,15,21028247
5,3,0,3,0,0,7498,1170000,1,1,1979,2715,289,0,22,25859565
4,3,1,4,0,1,10366,951000,2,1,1954,1931,0,0,38,21782468
6,3,1,4,0,1,10358,1195000,2,1,1965,2900,0,0,38,21132933
4,3,1,2,1,0,9757,1050000,2,2,1968,2645,546,0,17,26035965
4,3,1,3,0,0,5650,995000,2,1,1959,1934,100,0,10,23352103
4,3,1,2,0,1,7441,999000,2,1,1966,2061,112,0,33,23341129
5,3,1,3,1,0,6559,1105000,2,1,1973,1957,397,0,15,24281270
4,3,1,2,1,0,10512,1508888,2,0,1953,2711,632,0,2,21440630
4,3,1,4,2,0,10900,1190000,2,1,1958,2503,520,0,12,26029768
6,3,1,4,1,0,9425,999999,2,2,1966,2637,296,0,39,21469276
4,3,1,4,2,0,24702,2155000,1,2,1968,3092,558,0,23,25926057
4,3,0,4,2,0,6051,1100000,1,1,1988,2077,441,0,38,26159540
5,5,0,6,2,0,7181,1510000,2,1,2021,2665,0,0,14,20644324
4,2,1,2,0,0,12870,945000,2,1,1947,2135,677,0,28,23768456
4,2,1,2,0,1,6000,1230000,1,1,1961,2087,68,0,23,26205167
3,4,1,4,2,0,20909,1325000,2,4,1956,3607,661,0,11,23147422
4,2,1,1,0,1,7649,1163350,2,1,1965,1748,628,0,18,24180328
4,5,0,2,2,0,10025,1918000,2,0,2012,3707,565,0,11,22445286
5,4,1,4,2,0,6502,1670000,2,2,2005,3362,603,0,12,22998212
4,2,1,2,0,0,6670,1385500,2,1,1928,1983,753,0,4,22754154
5,3,1,4,0,1,9908,1100000,2,1,1973,2270,0,0,22,20908891
4,4,0,4,2,0,6650,1520000,2,1,2022,3857,0,0,28,24143282
4,3,0,3,0,1,13779,1154000,2,2,1962,2173,0,0,36,21961290
4,3,1,2,0,1,6202,995000,2,1,1967,1836,0,0,13,21283176
3,4,0,4,2,0,11127,1425000,2,2,1990,2749,735,0,11,24400059
5,3,1,6,2,0,9975,1700000,2,2,1989,3027,485,0,7,22493726
4,2,1,3,0,1,11979,1150000,2,2,1957,2266,287,0,11,20956727
5,2,0,4,0,2,8469,841500,2,2,1985,2159,0,0,36,21244385
4,2,0,2,0,0,6446,920000,1,1,1984,1835,237,0,36,25978644
4,3,1,2,0,1,8400,1150000,2,2,1969,2448,0,0,12,24548351
4,3,1,2,0,1,6000,1282000,2,2,1974,2384,0,0,12,24494201
4,3,1,4,0,0,7865,1015000,2,0,1949,1888,141,0,19,21776136
6,3,1,3,1,0,10715,1858000,2,2,1963,2814,971,0,5,23007876
5,3,1,5,0,0,18131,1100000,2,1,1939,2754,1515,0,38,21770008
5,4,1,6,0,0,11472,1310828,2,1,1944,2717,0,0,11,21277459
5,6,0,3,1,0,8398,1550000,2,2,1987,3980,0,0,12,21210320
6,4,1,4,2,0,8722,1501000,2,3,1994,3686,0,0,21,22206145
5,2,1,6,2,0,9000,885000,2,0,1955,2276,572,0,19,20967633
2,1,0,2,1,0,9600,1020000,1,1,1957,909,0,0,12,26134201
4,3,1,3,0,1,10220,1999000,2,1,1953,3033,1146,0,2,24060172
5,2,1,2,0,0,6660,1040000,2,2,1976,2070,63,0,39,21915646
6,3,1,4,0,0,6234,935000,2,1,1917,2305,235,0,28,20936679
4,4,1,3,2,0,8641,1208000,2,1,1969,2663,80,0,11,20893920
4,2,1,4,0,0,6120,931000,2,1,1939,2110,215,0,28,21038073
5,2,1,3,1,0,10376,1180000,2,1,1955,2375,404,0,12,21665579
4,3,1,4,0,2,8750,1052000,2,2,1969,2339,129,0,12,23715414
5,2,1,3,0,0,6420,985000,2,1,1968,2087,163,0,15,21393619
4,3,1,5,2,1,11726,1320000,2,3,1970,2845,2845,0,17,23162987
4,3,1,3,1,0,7346,1115000,2,1,1986,2234,228,0,38,21633832
3,2,0,2,1,0,3778,1100000,2,1,2002,1651,0,0,13,22371948
4,2,1,2,0,0,7616,1200000,2,1,1958,1954,188,0,18,21981438
4,3,0,2,0,0,6000,1104000,2,1,1988,1642,0,0,12,26077680
5,3,0,5,2,0,19614,1600000,2,2,1980,3478,0,0,7,21873840
5,4,0,3,1,0,10030,1350000,2,1,1990,2765,1277,0,11,21186878
5,5,1,0,0,0,15040,1500000,2,1,1927,3214,1286,0,28,21091848
5,3,1,3,2,0,7000,1280000,2,3,1996,2766,0,0,13,21847410
5,2,1,6,0,1,9976,1135000,2,0,1959,2006,0,0,36,22993712
5,2,1,4,1,0,9709,1155000,2,1,1954,2982,133,0,16,24119658
5,2,1,1,0,1,6360,1300000,2,1,1960,2549,87,0,22,22634870
4,2,1,3,0,0,8689,1080000,2,1,1951,2358,0,0,32,22288694
5,3,1,4,3,0,10516,1225000,2,1,1979,2348,1177,0,36,24228876
4,2,1,2,1,0,6132,1000000,2,1,1952,1729,136,0,28,23438490
4,4,1,4,0,0,6384,1499900,2,2,1917,3574,0,0,28,24060942
5,2,1,1,1,0,6650,1100000,2,1,1942,1950,751,0,39,22573811
4,3,1,3,0,0,6250,1240000,2,1,1941,2235,0,0,28,23864317
3,2,1,4,1,0,4004,986000,2,0,2002,1690,0,0,13,21917804
5,2,1,4,0,2,7673,971000,2,2,1961,2526,302,0,17,21440848
3,2,0,2,0,0,6000,850000,1,0,1963,1385,107,0,18,25982219
6,4,1,5,2,0,14374,2080000,2,2,2002,4862,511,0,11,20863457
4,2,1,2,0,0,12284,930000,2,0,1923,1672,68,0,16,21805606
3,3,0,2,1,0,6600,1315000,2,1,1946,1861,352,0,9,22437744
5,3,1,6,2,0,10054,1196000,2,1,1959,2909,612,0,13,22354925
5,4,1,2,2,0,8482,1397000,2,3,1992,3628,592,0,12,21167524
5,3,0,2,1,0,6134,1324900,2,2,1974,2506,241,0,12,24468667
6,3,1,4,0,1,6350,1030000,2,1,1928,2575,100,0,32,22188931
6,5,1,5,2,0,12196,1820000,2,3,1960,4475,896,0,23,22158844
4,2,1,4,0,1,5400,850000,2,1,1952,1771,0,0,9,21094783
4,2,1,2,0,0,5280,1342000,2,1,1941,2705,35,0,4,24439473
5,2,0,4,0,0,6620,1315000,2,1,1940,2220,0,0,39,24559027
4,4,1,4,3,1,10401,1450000,2,2,1997,2756,1048,0,38,21842721
7,3,1,0,0,0,5226,1199900,2,0,1912,2404,136,0,3,22583543
5,3,1,4,0,1,8866,1100000,2,1,1959,2544,88,0,27,21746514
6,2,1,6,0,0,6750,885000,2,1,1947,2499,198,0,16,20978293
4,3,1,3,0,0,6600,959000,2,1,1912,2492,0,0,39,24315982
5,3,1,4,0,1,6820,1099000,2,1,1968,2342,45,0,39,21941918
4,1,1,1,0,0,6700,781000,2,1,1976,1914,0,0,39,25899643
5,2,1,7,1,1,8179,1040000,2,1,1965,2268,636,0,13,21269766
6,3,1,4,0,0,6172,1175000,2,2,1978,2549,0,0,17,21310352
5,3,1,2,0,2,10925,1439000,2,2,1976,2445,284,0,12,24293064
5,4,1,3,0,0,13068,1252000,2,1,1928,2904,282,0,38,22202875
6,3,1,6,0,0,10890,1079000,2,1,1953,2276,241,0,13,22180495
5,2,1,1,0,0,3500,1485000,2,1,1913,3001,1,0,3,21192009
6,4,1,5,0,0,7554,1050000,2,1,1987,2662,2662,0,16,21051402
6,3,1,5,2,0,12197,1358000,2,2,1962,3247,160,0,15,23001389
5,3,1,5,1,0,11734,1100000,2,2,1976,2592,227,0,39,22160597
7,4,1,5,0,0,14994,1480000,2,2,1950,3886,195,0,17,23649076
4,2,1,5,1,1,7920,1170000,2,2,1962,2542,85,0,10,23381605
3,2,1,3,1,0,9397,815000,2,1,1952,1681,44,0,39,21134098
5,2,1,3,0,0,6000,1130000,2,2,1961,2258,0,0,16,20872296
6,4,1,3,1,0,10772,1325000,2,1,1913,3980,415,0,38,21397818
5,3,0,4,1,0,6345,1300000,2,2,1977,2508,697,0,12,22864015
4,2,1,4,0,0,6000,1300000,2,1,1960,2127,64,0,10,24659037
4,3,1,3,0,1,6030,960000,2,1,1986,2073,0,0,16,21346801
5,4,0,8,2,0,6895,1776000,2,1,2018,3149,0,0,38,21962458
4,2,1,3,1,0,7259,1253000,2,1,1959,2045,118,0,8,23298760
6,3,1,10,0,0,18317,1780000,2,2,1975,2785,1870,0,30,22643431
5,4,1,3,1,1,9779,1365000,2,2,1967,2800,981,0,12,21798602
5,4,1,6,1,0,6000,999000,2,2,1987,2980,235,0,27,21508950
3,3,0,3,0,1,6100,1027500,2,2,1975,2349,110,0,15,23186803
4,4,1,2,1,0,4418,1180000,2,1,2001,2213,387,0,9,22908858
4,2,1,4,0,0,9028,900000,2,1,1942,2489,1055,0,32,21513778
3,2,0,1,1,1,6605,920000,1,1,1951,1096,0,0,9,25985861
4,4,1,4,0,0,12270,2070000,2,1,2002,3511,400,0,11,22154996
5,3,1,1,1,0,27007,1550000,2,0,1952,1938,330,0,17,22714572
7,4,1,3,0,0,8937,1327500,2,1,1931,2961,62,0,9,21450550
3,3,1,2,2,0,5554,1325000,1,1,2004,2104,705,0,36,26046895
4,2,1,4,0,0,7741,911000,2,1,1940,2093,92,0,32,24335603
4,2,1,3,1,0,6000,1101000,2,1,1959,1895,1,0,28,22788679
6,4,1,4,2,0,11172,1340000,2,1,1984,3458,577,0,33,22397750
4,2,1,1,1,0,10920,885000,2,0,1956,1747,299,0,18,20769623
3,2,1,5,2,0,281398,1670000,2,1,1989,2557,1552,6,30,21620636
5,2,1,1,1,0,5998,1225000,2,1,1967,2088,463,0,12,22250494
4,2,1,3,1,0,10556,1388000,2,1,1950,2330,610,0,12,22327229
4,3,0,3,2,0,6415,1450000,2,1,2001,2356,888,0,13,23045206
6,3,1,4,2,0,10849,1340000,2,2,1968,2973,215,0,12,21944932
4,4,1,2,0,0,6266,1500000,2,0,1958,2485,0,0,9,21442732
4,3,0,3,1,0,9540,1387000,2,2,2008,2575,371,0,11,21196525
4,3,1,4,2,0,8083,1340000,2,2,2005,3242,449,0,38,21766344
4,3,1,2,0,0,6384,1270000,2,0,1937,1929,275,0,28,24655803
4,2,1,6,0,1,12758,1150000,2,1,1954,2214,687,0,19,22900548
3,2,1,2,0,2,7000,1245000,2,2,1978,2599,63,0,9,21106895
4,2,1,6,0,0,5900,940000,2,1,1959,2205,0,0,9,24408528
5,3,1,4,2,0,11101,1050000,2,2,1969,3050,571,0,16,21257101
4,3,1,6,0,2,7198,985000,2,2,1974,2078,560,0,27,23321006
5,2,1,2,1,0,9320,1169900,2,2,1959,2220,0,0,14,24169108
3,2,0,2,2,0,9068,1050000,1,2,1988,1835,0,0,33,25831011
5,3,0,4,2,0,6176,1135000,2,1,1990,2303,0,0,33,21849739
4,3,1,6,0,0,6120,1210000,2,1,1947,2715,108,0,28,22195184
6,4,0,3,3,0,9778,1495000,2,2,1981,4321,459,0,17,20868847
4,3,0,4,2,0,6360,1589000,2,2,1976,2357,776,0,12,22555905
5,3,1,3,0,0,6000,1229000,2,1,1976,2307,0,0,12,22206930
4,3,0,4,2,0,7439,1190000,1,2,1979,2090,0,0,12,25985285
3,3,0,4,1,0,7061,1150000,1,1,1978,1919,1919,0,12,25979560
5,2,1,4,2,0,6760,921000,2,0,1961,2094,156,0,19,21150736
5,2,1,4,0,0,7680,1504000,2,1,1966,2284,0,0,4,21215572
3,2,1,2,0,0,6795,778000,2,1,1954,2339,102,0,10,21455127
5,2,1,4,0,0,5324,900000,2,1,1945,1958,201,0,14,23301448
5,3,1,2,2,0,9988,1543500,2,2,1976,2935,0,0,12,24195358
5,3,1,4,2,0,11526,1413000,2,2,1979,2372,0,0,36,22408158
6,2,1,3,1,0,8829,1275000,2,1,1959,2170,248,0,16,22604285
4,3,1,6,2,0,6105,1240000,2,1,1997,2188,0,0,38,26149449
4,2,1,3,1,0,8280,920000,2,1,1954,1835,0,0,19,25875873
4,2,1,4,0,1,6000,852900,2,1,1957,1767,0,0,32,21411381
5,2,1,5,1,0,10080,1050000,2,1,1969,2194,325,0,27,23751000
4,3,1,1,1,0,5400,1275000,2,1,1951,2126,451,0,9,22885035
3,2,1,4,2,0,16024,1795000,1,3,1980,2793,441,0,23,26161227
4,3,1,3,0,0,8374,999000,2,1,1969,2446,397,0,38,24681555
5,3,1,5,1,0,10479,1400000,2,2,1974,2431,486,0,17,21660731
8,5,1,5,1,0,6030,1570100,2,2,1974,3123,310,0,15,22533970
5,4,1,3,1,0,9360,1175000,2,1,1986,2542,234,0,27,21385387
4,2,1,4,0,1,6565,967500,2,1,1962,2242,0,0,28,23966729
6,3,1,2,1,0,6000,975000,2,2,1975,2484,33,0,27,23781961
6,3,1,2,0,0,6970,1280000,2,1,1938,2926,844,0,3,20670810
6,4,1,4,0,2,10129,1942515,2,1,2004,4430,289,0,11,23405972
5,4,0,2,1,0,8754,1479900,2,2,1993,3419,1786,0,38,26027297
5,3,1,1,0,0,6117,1220000,2,0,1958,2015,0,0,32,22590993
6,3,1,2,0,0,4908,870000,2,1,1934,2755,0,0,9,21231032
5,2,1,6,2,0,9959,999800,2,1,1963,2060,0,0,33,22917161
4,2,1,4,0,2,8160,1250000,2,1,1946,2524,1289,0,16,22376853
5,3,1,2,2,0,7383,1207090,2,2,1991,2840,596,0,38,20746129
4,2,1,2,0,0,20627,1270000,2,1,1961,1932,569,0,33,22141682
5,2,1,3,0,0,9898,960000,2,1,1965,2128,28,0,11,24194981
4,3,1,1,0,0,6250,1470000,2,1,1908,2528,78,0,3,24502451
6,4,1,2,2,0,6360,1458000,2,1,2002,2857,833,0,39,22629574
4,3,1,6,2,0,16322,1790000,2,3,1964,3412,536,0,11,23372569
4,2,1,2,0,0,9477,1300000,2,1,1950,1974,0,0,3,21215085
5,2,1,2,0,0,8250,1026000,1,1,1956,1876,0,0,10,26173050
4,2,1,3,0,0,7104,880000,2,1,1964,2293,931,0,10,23416755
6,4,1,4,2,0,8224,1470000,2,2,2004,3253,465,0,38,24323393
6,4,0,4,2,0,8378,1888000,2,3,1992,3826,0,0,12,22083085
4,2,1,4,0,0,11783,1190000,2,1,1969,2408,0,0,12,21592518
6,3,1,2,0,1,11625,1515000,2,1,1957,2787,0,0,2,24438144
5,3,0,3,0,0,10682,1210000,2,1,1937,2090,0,0,16,24560492
7,2,1,3,0,0,6905,910000,2,1,1945,2200,0,0,12,24238293
5,3,0,4,0,1,14375,1265000,2,2,1972,3479,391,0,7,23518369
4,4,1,4,2,0,13680,2078000,1,1,1958,2187,581,0,2,26013556
5,2,1,4,0,1,8400,1152000,2,1,1961,2445,139,0,18,21031319
3,3,1,3,0,2,23133,1680000,2,2,1963,2632,254,0,12,26005565
5,3,1,4,0,1,12543,1365000,2,1,1970,2642,0,0,11,23037784
4,3,1,4,2,0,12545,1201000,2,2,1986,2763,1083,0,10,21724630
5,3,1,3,1,0,10275,1490000,2,1,1939,3212,0,0,0,21019466
4,2,1,1,0,0,6607,1080000,2,1,1964,2216,494,0,19,22869355
7,7,1,8,3,0,18730,1740000,2,4,1994,5483,226,0,7,21170269
6,3,1,6,0,3,6074,1020000,2,1,1975,2344,1069,0,27,21821453
4,2,1,4,0,0,9516,1179000,2,1,1959,2206,372,0,30,26153584
5,3,1,2,0,0,6000,1020000,2,1,1976,2492,377,0,17,26100419
2,3,0,4,2,0,10962,750000,2,1,1949,2972,666,0,38,22029908
3,2,1,4,2,0,5600,880000,2,1,1947,1770,580,0,26,23778902
6,3,1,2,0,1,10053,1670000,2,2,1976,3071,34,0,12,22714968
3,3,1,4,0,1,8375,1175000,2,1,1957,2052,135,0,11,24441466
2,2,0,3,1,0,15467,859000,2,1,1925,1575,430,0,38,24353333
4,4,1,4,1,0,6000,1700000,2,2,1992,3189,511,0,9,22157102
6,3,1,4,0,0,17633,2000005,2,1,1938,3089,0,0,9,22201231
4,3,0,5,3,0,8993,1150000,2,0,1956,2766,743,0,38,23307977
7,6,1,7,2,0,9420,1999800,2,1,2000,4930,1402,0,12,21971671
5,2,1,2,0,0,6342,910000,2,1,1938,1826,233,0,19,21160270
6,4,1,6,0,1,30928,1495000,2,2,1977,4033,924,0,7,21018577
5,4,1,4,2,0,7050,1510000,2,1,1936,2816,715,0,28,21970878
5,2,1,3,0,0,12914,1400000,2,1,1964,2074,473,0,12,22987454
5,2,1,2,0,0,6120,947000,2,1,1912,2255,458,0,28,21693443
5,4,1,6,2,0,11764,1968000,2,2,1987,3921,2154,0,12,23847487
4,3,1,2,1,0,9040,1175000,2,2,1965,2385,0,0,12,21443131
6,3,1,2,2,0,6460,1408000,2,1,1976,2552,0,0,5,22224215
5,3,0,6,0,2,6048,1288889,2,1,1981,2607,420,0,39,22720053
5,3,0,2,1,0,6000,1085000,2,2,1976,2435,0,0,15,21511932
5,2,1,4,0,0,6000,925000,2,0,1948,2148,0,0,27,22430946
5,2,1,1,0,0,4715,750000,2,1,1915,1756,595,0,37,21799669
4,3,1,5,2,0,10195,1550000,2,3,1991,2974,0,0,21,21798915
5,3,1,6,0,0,6911,1175000,2,1,1936,2325,558,0,37,23740818
5,2,1,2,1,0,5750,1600000,2,2,1938,2511,0,0,0,21661659
5,3,1,2,0,1,9081,1265000,2,2,1970,2439,327,0,13,22173863
4,2,1,4,0,0,6120,920000,2,2,1955,1835,226,0,28,21689662
4,2,1,4,0,0,6500,999999,2,1,1957,1800,0,0,27,24205481
3,2,1,3,0,0,6000,1165000,2,1,1944,2233,105,0,22,22850833
6,4,1,2,2,0,9950,1580000,2,3,1989,4414,0,0,11,20929395
4,2,1,4,1,0,6600,1305000,2,2,1953,2038,550,0,9,22057068
4,3,0,4,0,0,13654,1240000,2,1,1949,2298,322,0,10,23947572
4,2,1,3,1,0,6970,1085000,2,1,1955,1978,412,0,28,20972493
5,2,1,2,0,0,7150,1480000,2,2,1965,2511,210,0,18,22645401
6,3,1,4,2,0,7841,1130000,2,2,1993,3193,0,0,14,21225694
5,4,1,4,3,0,8285,1125000,2,2,1959,3172,1045,0,16,23290569
4,3,1,3,1,0,8923,950000,2,1,1949,2213,336,0,17,21429703
5,4,1,3,0,1,10221,1235200,2,1,1946,3244,181,0,17,22391410
6,5,0,5,2,0,6000,1747500,2,1,2018,2855,448,0,9,20732631
6,3,1,4,0,0,6000,1420000,2,1,1974,2208,0,0,12,22233940
5,2,1,4,0,1,8500,1025000,2,1,1950,1789,539,0,10,23522378
5,3,1,6,2,0,7779,1100000,2,1,2003,2649,493,0,32,21543294
3,3,1,2,0,0,8725,1021000,2,2,1971,2503,649,0,38,20979416
5,3,1,4,0,0,6950,1300000,2,1,1930,2065,255,0,28,22193825
6,3,0,2,0,2,12891,1580000,2,1,1964,3047,1339,0,12,22284601
4,4,1,5,2,0,18003,1850000,2,1,1959,2003,583,0,5,23440352
5,2,0,5,2,0,6000,1013000,2,2,1968,2410,531,0,22,21218678
4,3,1,4,1,0,8158,1195000,2,1,2010,1898,296,0,32,22665545
5,2,1,2,0,0,9201,1002500,2,1,1965,2296,220,0,33,21403238
6,4,1,2,2,0,12029,1690000,2,2,1981,4402,541,0,2,20791084
7,4,1,6,1,0,6650,1200000,2,2,1958,2891,102,0,28,22406571
5,3,1,4,2,0,7200,998000,2,2,1976,2298,1231,0,13,21272784
6,3,1,1,0,0,6462,1405000,2,1,1976,2342,0,0,15,22124203
5,3,1,2,2,0,8893,1010000,2,1,1985,2400,250,0,14,21486757
3,3,1,1,0,0,10970,940000,2,1,1935,2391,396,0,16,21071764
4,3,1,2,2,0,7153,1532777,2,2,1996,2972,1374,0,14,21130301
3,3,0,3,0,0,6912,894900,2,2,1986,2078,0,0,36,21403950
4,4,1,6,2,0,8201,1535000,2,1,1980,2479,217,0,17,22741870
4,2,1,6,1,1,8250,1107500,2,1,1954,2206,1199,0,10,21371028
4,2,1,6,0,0,16740,1000000,2,1,1922,1503,53,0,34,22775776
4,2,1,5,0,0,5749,830000,2,0,1942,1796,0,0,34,21007795
4,4,1,6,2,0,10132,1765700,2,2,1969,2704,694,0,11,22426408
4,3,1,1,1,0,6000,950000,1,2,1975,1984,235,0,12,26022814
4,5,1,5,2,0,7158,1150000,2,2,2000,3248,478,0,17,20905275
4,3,1,4,2,0,7107,1484000,2,1,1993,2714,0,0,10,24235070
3,3,0,3,1,0,8180,1225000,2,1,1986,2032,0,0,14,22861656
4,2,1,3,2,0,9384,1150000,2,1,1964,2150,0,0,13,22165359
3,4,1,4,1,0,6189,2100000,2,1,2006,3394,1040,0,19,22449805
4,3,1,2,1,0,6098,1180000,2,2,1978,2178,256,0,16,21095692
4,4,1,4,2,0,10003,1730000,2,4,1994,4090,0,0,18,23412283
5,3,1,3,1,0,6248,1235000,2,2,1976,2292,316,0,5,22992852
5,3,1,4,1,0,7780,1111000,2,1,1972,1956,1956,0,15,21905817
5,3,0,5,0,0,5750,875000,2,1,1940,1778,0,0,39,20797795
5,5,1,3,3,0,10454,1650000,2,2,1996,4166,754,0,7,20490002
5,2,1,5,1,0,8714,895000,2,1,1959,2318,699,0,27,21668723
2,2,0,2,1,0,8263,850000,1,1,1987,1357,0,0,14,26135503
4,3,1,5,5,0,10454,1675000,2,3,1990,3205,1004,0,21,22142637
4,2,1,4,0,0,6000,1104000,2,1,1954,2246,64,0,22,24548716
5,3,1,4,2,0,11000,1240000,2,1,1973,3115,1110,0,12,21681400
5,2,1,0,0,0,6250,1160000,2,1,1913,2096,90,0,3,21132203
4,2,1,2,1,0,6000,910000,2,1,1979,1798,0,0,14,21922683
5,3,1,6,0,0,10583,1085000,2,2,1975,2551,0,0,12,21197752
6,4,1,4,2,0,5750,1925000,2,1,1994,3434,0,0,0,21832116
6,3,1,2,2,0,10218,1857000,2,1,1923,3090,138,0,8,22849861
4,2,1,2,0,1,8142,1179000,2,1,1962,1780,542,0,18,22875838
4,2,1,3,0,0,7100,1000000,2,1,1957,2553,133,0,19,21181529
4,3,1,2,2,0,6300,899000,2,1,2001,2294,889,0,31,20793524
6,2,1,3,0,0,6810,885000,2,2,1958,2324,250,0,14,21327980
4,3,1,3,0,0,8400,1449000,2,1,1954,2770,61,0,2,25977406
5,3,1,4,2,0,7169,1271000,2,2,2005,3021,469,0,38,20958273
4,3,1,1,1,0,6500,1953000,2,2,1936,3152,314,0,4,21899147
5,4,1,6,0,2,10358,1300000,2,2,1976,3169,724,0,6,21897262
4,3,1,6,3,0,8720,1750000,2,1,1987,3300,1205,0,12,22435177
5,3,1,4,0,0,7767,1425900,2,1,1964,2099,0,0,15,22462100
4,2,1,2,0,0,21748,1180000,2,1,1953,1926,207,0,16,22617119
5,4,1,3,2,0,10010,1950000,1,2,2002,3740,1462,0,11,25895833
5,3,1,2,0,2,8480,1528000,2,1,1961,2529,380,0,5,21502349
3,3,1,2,0,0,6000,945000,2,2,1972,1885,0,0,26,26125559
4,2,0,3,0,0,8387,1125700,2,1,1969,2196,0,0,15,21592837
6,4,1,5,2,0,13939,2375000,3,2,2019,3728,442,0,7,26029669
4,4,0,3,2,0,8238,1615000,2,2,1980,2828,1432,0,36,24380146
4,4,1,5,2,0,10481,1507000,2,2,1994,2944,675,0,36,21539653
4,3,0,3,2,0,9698,1500000,2,2,1980,2815,1874,0,13,23275269
4,3,1,5,2,0,15314,1567000,2,2,1964,4081,0,0,11,22102301
5,2,1,5,0,0,8447,1075000,2,1,1963,2200,0,0,36,24285101
4,2,1,5,1,0,9723,1065000,2,1,1949,2722,420,0,18,21436154
3,3,1,4,0,0,10296,1220000,2,1,1932,2186,974,0,16,23092284
7,6,1,3,0,0,9986,1610000,2,1,2015,3210,0,0,12,26034146
5,3,0,6,2,0,11213,1403000,2,1,1975,3099,0,0,16,22478152
3,2,1,2,0,0,5189,770000,2,0,1955,1794,200,0,39,24439316
4,2,1,3,1,0,6970,1191000,2,1,1955,1978,412,0,28,23609021
4,3,0,0,0,0,5884,1060000,1,1,1980,1759,0,0,32,25893463
6,3,1,3,0,0,5625,905000,2,0,1987,2542,0,0,39,20904013
5,4,1,2,2,0,11421,1450000,2,0,1997,2334,509,0,38,22497170
5,5,1,3,1,0,6000,1604000,2,1,2021,2714,560,0,19,21426165
4,3,1,3,0,0,11090,1310000,2,3,1968,2753,0,0,12,21860869
5,3,0,3,0,0,10019,1276000,2,0,1989,2128,0,0,21,22110554
4,2,1,3,0,0,5600,1290000,2,1,1940,2093,0,0,39,22384282
6,2,1,5,0,1,5032,957750,2,1,1972,2457,221,0,27,21667160
4,4,1,6,2,0,25265,1448000,2,2,1986,3704,99,0,7,21642449
6,4,1,3,0,1,11515,1170000,2,1,1972,2383,352,0,12,20944449
5,2,1,4,0,1,8400,880000,2,1,1964,1822,0,0,14,20890112
4,2,1,1,1,0,11160,1627000,2,2,1950,2469,787,0,8,22285977
5,3,1,4,1,0,8689,1110000,2,2,1967,2310,591,0,32,21798026
5,3,1,1,0,1,6780,835000,2,1,1975,2422,466,0,27,20861891
6,3,1,2,1,0,7158,1114000,2,2,1988,2824,0,0,38,23363497
5,3,1,2,0,0,9800,1299000,2,1,1974,2490,170,0,12,20996030
5,3,1,4,1,0,8059,1595000,2,1,1957,2604,229,0,8,21609767
6,5,1,3,2,0,9111,1190000,2,2,1971,3989,1482,0,10,23499201
5,2,0,4,0,0,8857,1025000,2,0,1985,2196,171,0,7,23284531
5,4,0,5,2,0,6954,1200000,2,1,2002,2615,525,0,38,26014565
6,4,0,4,2,2,10510,1749000,2,2,1991,3442,0,0,38,22716756
5,4,1,5,2,0,9440,1179000,2,1,1993,2566,431,0,38,20799934
3,2,1,3,1,0,4918,975000,2,1,1900,1371,587,0,19,22229479
5,3,1,4,0,0,6482,1150000,2,1,1947,1955,0,0,19,22329763
5,3,1,2,0,1,6623,1249000,2,2,1973,2544,0,0,12,24020825
5,2,1,2,0,0,6800,830000,2,1,1955,2046,1,0,16,21467681
3,2,0,4,1,0,6022,780000,1,1,1985,1283,195,0,18,25872066
3,3,1,2,0,2,6760,999000,1,1,1980,1989,282,0,16,26054264
3,2,1,3,0,1,5000,1155000,2,1,1935,1625,285,0,11,21764393
5,3,0,5,1,0,7850,1250000,2,1,2000,3098,359,0,28,20996668
6,3,1,4,2,0,16135,1950000,2,2,1973,3597,858,0,16,25979904
4,2,1,2,0,0,6108,880000,2,0,1976,2182,0,0,39,24099739
4,3,1,4,2,0,6023,1099900,2,1,1983,2236,397,0,13,24315636
4,3,1,2,0,1,4289,1026000,2,0,1975,1939,560,0,32,21711158
5,3,1,5,0,0,7893,1100000,2,1,1959,2156,100,0,27,21856415
7,5,1,4,2,0,7228,1240000,2,2,2001,3924,400,0,30,21249763
7,4,1,4,0,0,8400,1198500,2,1,1963,2787,436,0,12,21552929
3,3,0,2,1,0,3667,1200000,2,1,2021,1758,230,0,5,20812317
4,3,1,7,0,0,8056,1050000,2,0,1955,2029,272,0,39,24454631
5,3,1,3,1,0,8411,1190000,2,1,1970,1993,127,0,17,26114796
7,3,1,2,0,0,4908,1050000,2,1,1934,2643,0,0,9,24011051
4,2,1,2,1,0,7512,960000,2,1,1949,1593,315,0,9,21380867
5,4,0,5,2,0,7168,1700000,2,1,2021,2629,423,0,14,21942308
4,3,1,3,1,0,6000,1250000,2,1,1990,2506,671,0,33,22278246
4,3,0,4,2,0,4198,1019000,2,1,2001,1897,359,0,13,24164644
5,3,1,3,0,0,7717,1130000,2,1,1978,2310,0,0,15,20974571
6,3,1,3,0,1,8497,1250000,2,1,1971,2451,285,0,11,23851636
6,3,1,3,0,0,6000,1400000,2,0,1939,3069,0,0,19,24467955
5,2,1,4,0,0,5750,1053000,2,1,1921,2423,615,0,28,22966433
6,2,1,2,0,1,11571,1245000,2,2,1965,2585,495,0,5,21586106
5,4,0,6,2,0,9022,1310000,2,2,1980,2414,390,0,12,21305862
4,2,1,4,1,0,9100,1133000,2,2,1962,1903,1903,0,33,22229492
8,5,1,3,2,0,6630,1560000,2,2,2016,4135,448,0,27,21052808
5,3,1,6,2,0,95832,1880000,2,1,2006,3541,587,2,40,21068807
5,3,1,5,1,0,7906,1200000,2,1,1965,2471,0,0,18,20892605
5,3,0,4,2,0,8471,1355000,2,2,1987,2785,623,0,38,21911820
4,5,1,4,2,0,12976,1500000,2,2,1956,2821,1430,0,38,24895282
5,3,1,4,2,0,10680,1440000,2,2,1988,3327,268,0,7,23818889
4,3,1,2,2,0,31950,1840000,2,1,1957,2618,126,0,11,26128481
3,3,1,3,0,1,16371,985000,2,0,1961,2345,597,0,38,21334596
6,3,1,2,1,0,6098,1187500,2,2,1975,2459,207,0,5,21034902
5,3,1,2,2,0,6000,1370000,2,1,2002,2620,364,0,18,24222325
5,4,1,4,2,0,9094,1840000,2,2,1978,3286,0,0,18,21472993
6,4,1,4,1,0,6000,1400000,2,1,1957,2712,399,0,9,21576950
6,4,0,4,2,0,6142,1395000,2,1,2008,2602,403,0,16,25895961
5,6,1,4,2,0,10075,1820000,2,2,1989,4472,832,0,12,24423586
4,2,1,6,0,1,11824,1174900,2,1,1965,2043,253,0,33,24598188
3,3,1,3,1,0,6000,1345000,2,2,1975,2122,580,0,12,22598762
4,2,1,2,1,0,6408,1105000,2,2,1962,2134,294,0,28,22769791
5,4,1,2,2,0,5726,1299000,2,0,2004,2693,400,0,13,21707054
4,4,1,3,2,0,6027,1499000,2,1,2021,2933,484,0,13,21815980
4,2,0,3,1,0,7000,1141000,2,1,1968,1794,568,0,9,20982811
4,3,1,2,2,0,10362,1300000,2,2,1976,2382,803,0,12,20945183
3,2,0,2,1,0,6454,811000,2,1,1948,1322,329,0,27,21719279
4,2,1,2,0,0,7277,945000,2,2,1912,2037,588,0,9,21833449
3,2,1,3,0,1,6858,998000,2,2,1949,2313,49,0,17,21964545
3,3,0,5,2,0,4991,1197500,1,1,2008,1980,388,0,27,25978440
4,2,1,4,0,0,6000,899900,2,1,1965,1734,0,0,19,21078983
6,4,1,4,0,1,9250,1225000,2,1,1917,2791,0,0,39,22446108
4,3,0,3,2,0,9877,1463800,2,2,1966,2037,52,0,12,23072714
4,3,1,4,2,0,16912,1250000,2,2,1955,2535,719,0,11,21261369
4,3,1,2,1,0,8385,1050000,1,2,1975,2901,0,0,12,26136491
8,4,1,2,0,1,6217,1312000,2,0,1973,3524,146,0,12,21880904
4,2,0,4,0,0,6840,871213,2,1,1987,1866,0,0,26,22336140
5,3,1,4,0,0,12543,1100000,2,2,1974,2671,0,0,17,21045768
4,3,1,3,0,1,11173,885000,2,1,1960,1924,50,0,39,20779969
6,2,1,2,2,0,7575,1128000,2,1,1981,2080,461,0,15,21737602
6,3,1,2,0,1,6300,1250000,2,1,1967,2192,0,0,18,23584848
5,3,1,3,0,1,7998,969000,2,1,1965,2203,53,0,14,21300137
5,3,1,2,2,0,8359,1495000,2,2,1973,2320,1,0,12,22432060
5,2,1,4,1,0,6615,1050000,1,0,1957,1872,318,0,18,26037421
6,3,1,2,1,0,7420,1260000,2,1,1966,2295,0,0,15,24290050
3,2,1,3,0,1,5600,831000,1,2,1955,1627,429,0,39,25473515
6,3,1,5,1,0,7920,1325000,2,1,1954,2133,323,0,10,22346078
4,3,1,2,1,0,10092,1250000,1,2,1968,2192,600,0,12,26130589
4,3,0,6,2,0,12013,1387000,1,2,1979,2512,0,0,7,25975245
5,3,1,2,0,2,7566,999999,2,2,1979,2525,0,0,14,21068367
8,3,1,14,2,0,10019,1178000,2,1,1960,2930,773,0,33,21035048
5,2,1,3,0,0,6000,1029000,2,2,1959,2080,0,0,9,24098852
4,2,1,2,1,0,9030,1049900,1,1,1962,1751,705,0,18,25779849
4,4,0,3,2,0,4961,1230000,2,1,2019,1993,749,0,13,25873561
3,3,1,3,0,0,10695,1100000,2,0,1957,1943,387,0,38,22428132
4,3,1,4,1,0,5885,1100000,2,2,2004,2962,0,0,13,21029131
3,3,1,2,0,1,6600,1650000,2,2,1912,2531,0,0,4,20985969
4,3,1,3,0,1,7866,1280000,2,2,1977,1994,0,0,15,22479894
5,5,1,5,2,0,10018,1886700,2,2,1972,3089,549,0,11,21028379
3,3,1,5,1,0,7692,955000,2,1,1974,1878,36,0,33,20914712
3,2,1,2,1,0,5616,1295000,2,1,1926,1733,758,0,4,21901206
4,3,0,2,2,0,10004,1500111,1,2,1987,2309,550,0,11,26001262
2,2,1,4,0,0,7200,849900,2,0,1930,1287,1691,0,11,21175639
6,4,1,5,2,0,8404,1240000,2,2,1998,3458,443,0,7,20853349
5,3,1,4,1,0,6300,995000,2,1,1978,2327,244,0,14,21125848
4,3,1,5,2,0,10195,1653500,2,3,1991,2974,1411,0,21,25993515
3,2,1,4,0,0,8550,888800,2,1,1917,1678,197,0,26,21467372
5,4,1,4,0,0,7130,1450000,2,1,1957,2750,109,0,39,22483158
5,4,0,6,2,0,12809,2100000,2,3,2017,3886,524,0,11,20989726
5,2,1,3,0,0,9120,916000,2,0,1954,2223,147,0,38,21366492
6,3,1,2,2,0,6178,1231500,2,2,2003,2664,459,0,13,21372122
5,2,1,2,0,0,7635,1165000,2,1,1967,2297,379,0,38,23270803
4,3,1,6,0,2,6805,1301000,2,2,1978,3041,0,0,12,21225571
6,4,1,5,0,1,8002,1475000,2,1,1960,2923,172,0,8,21329208
5,5,1,3,2,0,6837,1500000,2,1,2008,3500,332,0,13,21731620
4,3,1,5,1,0,37897,1775000,2,3,1966,3655,334,0,11,21749970
6,4,1,3,0,1,8516,1151000,2,2,1973,2492,0,0,17,23102214
5,3,1,2,1,0,7966,1050000,2,1,1928,2043,750,0,19,21963305
6,4,1,6,1,1,19711,1975000,2,2,1952,3373,404,0,20,21368882
4,3,1,4,0,0,8560,1500000,2,1,1961,2211,36,0,38,22383963
6,2,1,1,1,0,6095,1480000,2,1,1964,2060,305,0,18,22757080
6,3,0,5,1,0,6098,950000,2,0,1915,2705,834,0,19,21902244
4,2,1,3,0,1,15007,1150000,2,1,1971,2386,2386,0,10,23223590
3,4,0,2,2,0,5890,1411000,2,1,1989,2362,321,0,31,22431584
7,3,1,2,1,0,8243,1350000,2,1,1959,2677,288,0,12,25901246
5,3,1,5,3,0,9459,1160000,2,1,1940,2536,716,0,28,21576559
5,2,1,3,0,0,6575,785000,2,1,1969,2162,870,0,28,21718048
5,2,1,1,1,0,7645,1295000,2,2,1947,2457,0,0,2,21137561
6,3,1,2,2,0,6319,1420000,2,1,1979,2501,733,0,10,22753493
6,3,1,6,0,0,8400,1279000,2,1,1953,3162,105,0,12,21542323
7,3,1,2,0,1,7020,1380000,2,2,1974,2338,99,0,12,22090479
3,2,1,2,0,1,14798,1245000,2,1,1958,2484,347,0,11,23614310
5,4,1,4,0,0,16500,1048000,2,2,1940,2906,471,0,16,20935843
6,5,1,4,2,0,7158,1425000,2,1,2003,3916,557,0,38,22780655
4,2,1,4,0,0,6531,990000,2,1,1964,1687,0,0,27,22314510
6,3,0,5,2,0,9631,1171000,2,2,1971,2752,0,0,12,21677398
5,3,1,7,1,0,8750,1301000,2,2,1966,2669,285,0,15,21021159
5,4,0,4,0,2,10604,1860000,2,3,2010,3897,0,0,5,21336903
5,2,1,8,2,0,10275,1390000,2,2,1960,2346,641,0,12,22509313
4,3,1,5,0,1,5918,1349000,2,1,1912,2349,257,0,28,22119705
5,2,1,2,1,0,8450,1225000,2,1,1968,1833,301,0,27,22938725
4,2,1,4,1,0,6981,990000,2,2,1972,2325,0,0,27,21535598
4,3,1,2,0,0,6534,1100000,2,1,1955,2113,0,0,14,24089183
5,3,1,2,0,0,13081,1050000,2,1,1951,2207,325,0,18,22960415
2,2,1,1,1,0,6384,860000,2,1,1949,1612,879,0,39,24630379
5,3,0,4,2,0,6300,1330000,2,2,1994,2570,432,0,12,21348694
4,4,1,4,0,1,8045,1100000,2,3,1979,2558,212,0,14,23367934
7,3,0,4,2,0,9114,1535000,1,2,1980,3537,393,0,2,25628049
3,2,1,2,1,0,6384,1115000,2,1,1955,1683,245,0,28,23166319
5,4,1,3,0,0,9000,1050000,2,1,1972,2737,0,0,12,21210077
6,3,1,3,0,1,6600,1310000,2,1,1965,2780,0,0,9,22842671
4,2,1,6,1,0,8438,1300000,2,2,1958,1817,323,0,18,22386984
3,2,1,2,0,0,5250,999900,2,1,1963,2042,0,0,19,22560820
4,3,1,3,0,0,7526,1085000,2,2,1968,1979,0,0,10,22427582
4,3,1,3,0,1,8777,1150000,2,2,1975,2638,438,0,12,21846205
5,4,1,4,1,0,8244,1570000,2,2,2008,3387,1511,0,12,21592641
5,3,1,3,0,0,8400,1278000,2,1,1960,2548,52,0,18,21058729
7,5,0,4,1,0,10924,1380000,2,2,1987,2876,227,0,12,23510818
5,3,1,2,1,0,7100,1200000,2,1,1978,2521,0,0,17,21761147
5,3,1,4,2,0,9644,1220000,2,1,2005,2754,0,0,38,23374673
3,3,1,4,1,0,12177,1275000,2,1,1948,2058,1483,0,10,22797059
5,2,1,3,0,0,7200,1022000,2,1,1958,2160,192,0,9,20987588
5,4,1,5,2,0,7560,1530000,2,3,1990,3475,0,0,17,24230171
4,3,0,4,1,0,6070,1273000,2,2,1978,2264,247,0,16,24320581
5,2,1,8,0,0,12936,1251000,2,1,1965,2143,956,0,33,22855919
5,3,1,4,2,0,9053,1400000,2,2,1981,2687,0,0,13,22078369
5,3,1,4,0,1,6005,1090000,2,1,1976,1979,655,0,12,24282784
5,2,1,3,0,0,5750,1290000,2,1,1937,2055,469,0,28,24611544
5,4,1,3,2,0,9266,1380000,2,2,1976,3210,386,0,15,20883697
4,2,1,4,1,0,6900,1125000,2,1,1922,2014,382,0,28,21737122
6,5,1,8,3,0,9612,2010000,2,1,2021,3816,892,0,38,22080105
3,2,0,4,0,0,8659,933000,2,1,1955,1800,708,0,32,21303139
5,2,1,3,1,0,8500,1055000,2,2,1960,2839,845,0,19,23704992
4,4,1,5,1,0,6900,1222500,2,1,1922,2891,784,0,28,21442909
5,3,1,4,0,0,9000,1200000,2,2,1986,2868,385,0,14,21053905
4,3,0,4,1,0,12814,1706001,2,2,1964,3188,0,0,11,23719321
3,2,1,4,1,0,8761,895000,2,1,1967,1658,221,0,32,21455143
4,2,1,2,0,0,2500,778900,2,1,1948,1510,0,0,26,21495697
3,3,0,2,2,0,6023,1390000,1,2,1985,2170,381,0,17,26102463
3,3,1,1,0,1,9933,930000,2,2,1940,1600,300,0,16,23793684
4,2,1,6,2,0,8571,1075000,2,2,1962,2746,0,0,14,24676261
4,2,1,3,0,1,4922,990000,2,1,1984,1958,230,0,33,22279767
4,3,1,4,2,0,11944,1218000,2,2,1955,2058,701,0,38,23418190
4,2,1,4,0,0,8550,849900,2,0,1951,1909,104,0,39,20910831
4,2,1,1,0,0,4356,649999,2,0,1912,1500,0,0,39,20815290
3,3,0,1,1,0,6015,1905000,1,1,2023,2250,140,0,1,25986211
4,3,1,3,0,2,12327,1375000,2,2,1975,3532,159,0,7,23306532
7,4,1,3,2,0,7016,1520000,2,2,1961,3251,571,0,18,21981239
3,2,1,4,1,0,7841,1025000,2,2,1965,1992,576,0,15,21165706
5,4,0,4,2,0,8988,1451000,2,1,1998,2706,506,0,10,21176752
5,4,1,6,2,0,8482,1399900,2,2,1991,3302,0,0,12,21003157
5,2,0,1,1,0,16700,1800000,2,2,1949,2759,1053,0,23,22009154
4,2,1,3,1,0,8568,1106000,2,1,1959,2072,306,0,10,26054195
3,3,1,2,1,0,9375,1499900,2,1,1911,2477,439,0,3,23776632
5,3,1,2,1,0,7386,940000,2,1,1974,2132,0,0,27,21241164
4,2,1,2,0,0,6600,1240000,2,1,1952,1997,0,0,3,21328451
5,2,1,2,0,0,6638,1435000,2,1,1954,2146,0,0,9,22544456
5,4,1,6,1,2,13050,1235000,2,1,1996,2517,0,0,39,23886435
4,2,1,3,1,0,9800,1542500,1,1,1951,2828,584,0,2,26054172
3,3,0,5,3,0,7464,1202000,1,2,1986,1750,948,0,14,26221573
2,2,1,2,0,0,6539,620000,2,0,1930,1622,906,0,27,20883677
3,2,1,2,1,0,7132,1100000,2,1,1952,1553,545,0,18,22934081
3,2,1,6,1,1,5630,920000,2,1,1917,1763,496,0,39,23142475
6,3,1,4,2,0,7632,1370000,2,2,2005,3117,432,0,38,25539153
4,2,1,5,0,0,4560,905000,2,1,1938,1868,0,0,28,22913610
4,3,0,3,0,1,5933,980000,2,1,1976,2326,0,0,39,21974445
5,3,1,4,0,2,9184,1240000,2,2,1977,2238,0,0,12,21939652
5,3,1,6,1,0,11848,1150000,2,0,1995,2482,446,0,11,24304937
5,3,0,4,0,1,8983,1525000,2,1,1983,2340,581,0,22,22751567
5,2,1,2,1,0,6000,1265000,2,1,1965,1964,0,0,18,22310311
5,3,0,4,2,0,6008,1200000,2,1,1991,2621,0,0,38,21053378
4,3,1,4,2,0,10217,1360000,2,3,1960,3237,606,0,12,21140204
3,2,1,4,0,0,6528,852000,2,1,1949,2028,275,0,28,21032147
5,3,1,6,2,0,6617,1250000,2,2,2000,2755,458,0,13,20957830
4,3,1,6,2,0,7166,1175000,2,2,1984,2867,0,0,17,25896148
5,2,0,2,0,0,8580,1140000,2,1,1965,1942,145,0,10,22239528
4,4,1,4,2,0,9311,1700000,2,3,2004,4034,515,0,38,22142381
4,2,1,3,0,0,6254,1002000,2,1,1963,2180,0,0,10,22424245
4,2,1,3,0,0,8377,961000,2,1,1944,2300,457,0,39,22284869
5,3,1,5,1,0,6000,1415000,2,1,1958,2290,78,0,9,22469408
6,4,1,6,2,0,8184,1385000,2,2,1979,2418,68,0,13,22159579
5,2,1,2,1,0,6350,1050000,2,0,1957,2025,798,0,26,23255787
4,2,1,2,0,0,8944,979900,2,1,1955,1986,189,0,10,21139465
3,2,1,2,0,0,15246,895000,2,1,1960,2278,0,0,24,21237528
4,3,1,2,1,0,7800,1575000,2,1,1953,2278,695,0,2,24577327
6,3,1,3,0,0,9556,1164000,2,1,1953,2882,393,0,10,20987031
6,2,1,2,1,0,9223,1200000,2,2,1965,2692,814,0,12,23706333
6,3,1,1,0,0,5880,1080000,2,1,1964,2132,120,0,18,20942113
4,3,1,2,1,1,6910,1415000,2,2,1949,1829,282,0,18,22401142
6,3,1,6,1,1,10501,1785000,2,1,1962,2502,588,0,17,22469642
4,3,1,5,1,0,5950,935000,2,1,1977,1955,594,0,19,26022619
3,2,1,2,0,0,6600,860000,2,0,1914,1361,130,0,9,21305613
6,5,1,4,2,0,6000,1350000,2,1,2016,2492,1254,0,19,21410170
4,2,1,2,0,0,5600,830000,2,1,1948,2183,97,0,39,20936778
7,4,1,6,0,2,7263,1045000,2,2,1968,3142,0,0,12,21306058
5,3,1,2,1,0,5350,1697000,2,1,1938,2818,457,0,0,24678545
6,2,1,2,0,1,6312,840000,2,0,1950,2370,79,0,37,20888177
3,2,1,4,0,1,7953,876543,2,1,1962,2052,516,0,31,21142596
4,3,1,2,0,1,6129,975000,2,2,1972,2657,0,0,16,21808904
5,4,0,2,2,0,9148,1741350,2,2,2013,3601,488,0,7,21028746
4,2,1,3,1,0,7154,786000,2,1,1971,1836,314,0,39,21581753
4,3,0,2,1,0,10826,1826889,2,0,1967,2422,460,0,10,22379464
7,3,1,1,1,0,6329,1300000,2,2,1977,3098,3098,0,12,21410234
6,3,1,4,0,0,26571,1115000,2,1,1903,3362,2094,0,29,21667641
4,3,1,6,3,0,14400,1070000,2,0,1925,2266,507,0,22,21384454
5,3,1,2,0,0,6384,1020000,2,1,1988,2364,130,0,27,21224467
3,3,1,2,1,0,5750,1500000,2,2,1941,2451,362,0,0,22595128
5,4,0,4,2,0,7230,1306000,2,1,1990,2783,444,0,38,21694738
5,3,1,3,1,0,7560,1225500,2,1,1947,2783,1123,0,16,24710433
3,2,1,1,1,0,8125,1425000,2,2,1945,1994,767,0,2,21222599
5,4,1,4,2,1,7209,1248800,2,1,1920,3434,101,0,11,20650644
4,2,1,4,0,0,5600,1050000,2,1,1940,1857,1016,0,39,22671351
4,2,1,4,1,2,9667,950000,1,2,1951,2160,0,0,10,25708303
5,3,1,4,1,0,7500,1799000,2,1,1960,2819,361,0,3,21539490
4,2,1,3,0,0,6650,970000,2,1,1947,2071,305,0,39,24246577
5,3,1,1,0,0,7000,1325000,2,1,1954,2450,63,0,9,21358516
6,4,1,2,2,0,7611,1527500,2,2,1993,3201,488,0,12,21822240
6,2,1,4,2,0,8640,1090000,2,1,1943,2971,0,0,16,24420954
5,2,1,4,0,0,6600,1101500,2,1,1920,2725,57,0,28,22031117
5,4,1,7,1,0,11780,1830733,2,1,1961,2328,0,0,2,21809856
6,3,0,6,2,0,9972,1450000,1,2,1986,3087,443,0,12,25971726
4,3,1,3,1,0,6019,960000,2,1,1978,2167,235,0,12,21251849
4,2,1,4,0,0,7040,1065000,2,1,1954,2525,0,0,39,23629906
5,3,1,2,1,0,7703,1080000,2,2,1965,2748,1483,0,18,23522167
9,4,1,5,1,0,7339,1401000,2,1,1963,2580,180,0,12,24617162
6,4,1,2,0,0,6650,1400000,2,1,1932,3447,1208,0,28,21227941
4,3,1,4,2,0,10015,1610000,2,2,1989,2910,460,0,11,22918254
4,4,0,3,2,0,5574,1410000,2,1,2021,2187,437,0,16,22079631
5,3,1,3,1,0,6000,1261000,2,0,1976,2079,106,0,12,22080881
5,3,1,2,0,0,6993,1300000,2,1,1968,2133,165,0,12,22662966
4,4,0,5,2,0,5262,1895000,2,1,2010,3116,543,0,13,24382302
4,2,1,3,0,0,5220,950000,2,1,1964,2310,561,0,19,25805991
4,3,1,4,0,0,6544,930000,2,0,1932,1864,147,0,28,23662879
6,4,1,4,0,1,6694,1190000,2,2,1974,2800,613,0,16,22935499
6,2,1,3,0,0,6514,1128000,2,1,1964,2296,213,0,18,21020754
4,3,1,3,1,0,6360,1185000,2,2,1977,2405,349,0,9,23110289
5,3,1,5,0,0,14710,1880000,2,2,1965,3610,413,0,23,21331927
6,5,1,5,2,0,10010,1400000,2,1,1953,3487,689,0,12,21511731
4,3,1,2,1,0,6000,1500000,2,1,1924,2654,619,0,3,22787373
6,5,0,6,2,0,7253,1670000,2,1,2016,2887,0,0,12,25487627
3,2,1,2,1,0,4992,1190000,2,1,1913,1863,0,0,3,21350648
6,3,1,4,0,1,6856,1405000,2,2,1968,2065,490,0,15,24406722
5,0,1,2,0,0,8250,1300000,2,1,1945,1546,780,0,2,21294732
4,2,1,1,0,0,6000,1275000,2,1,1956,2067,97,0,9,24109445
5,2,1,4,0,2,26572,1950000,2,1,1962,2553,198,0,8,22534561
3,3,1,2,2,0,10016,1699000,1,2,1988,4076,466,0,20,25992063
5,4,0,4,2,0,6086,1988000,2,1,2018,2665,428,0,12,22393368
5,3,1,5,1,0,13486,1630000,2,2,1949,3275,392,0,20,20978340
5,2,1,2,0,1,8400,1285000,2,2,1962,2389,560,0,14,22849377
4,3,1,2,0,0,7050,970000,2,1,1952,2115,185,0,19,24343777
7,4,1,5,3,0,15446,1550000,2,2,1966,4965,1230,0,11,21241186
3,2,1,2,0,0,5815,859000,2,1,1939,2370,319,0,9,21495430
